{
  "n": 60,
  "scorers": {
    "JEPA_probe": [
      0.1646281820803098,
      0.011728810186784998,
      0.03877364480713186,
      0.00926307442059239,
      0.003973932990797831,
      0.004176062020997537,
      0.006511911408925969,
      0.0024246733285682416,
      0.055830604941875216,
      0.08126393334659143,
      0.0030029906028236912,
      0.012679665550711643,
      0.0024256144166721165,
      0.46137145231581755,
      0.020155448095461617,
      0.03898105013815519,
      0.009414721240251028,
      0.051636280819809595,
      0.023266091547911455,
      0.029447364100872817,
      0.028461235012799742,
      0.033405491660979475,
      0.2914518674078385,
      0.11113673714780013,
      0.006822769265969711,
      0.031334562995914646,
      0.01348292153686645,
      0.691672990984763,
      0.0306121577314104,
      0.019304900107078863,
      0.11149191645773808,
      0.5137601746684478,
      0.1800075381793285,
      0.00055191099064411,
      0.0029161156702013783,
      0.08539659496025688,
      0.013804463986408829,
      0.3392090933465592,
      0.07160501058947556,
      0.9944648094273373,
      0.9736832118016195,
      0.8889724539866364,
      0.06992405851312855,
      0.44908357961423284,
      0.017573266652826727,
      0.013235887291544129,
      0.9950703146403365,
      0.9402451680628495,
      0.9728922620914949,
      0.4260505557577708,
      0.025867788094608372,
      0.5569001374090728,
      0.6576936356863075,
      0.1688368877021751,
      0.12156481248475746,
      0.0011571054677924227,
      0.029110117010254854,
      0.5265922534926359,
      0.2727225176892746,
      0.7318767488650413
    ],
    "ESM2": [
      NaN,
      NaN,
      NaN,
      NaN,
      NaN,
      NaN,
      NaN,
      NaN,
      NaN,
      NaN,
      NaN,
      NaN,
      NaN,
      NaN,
      NaN,
      NaN,
      NaN,
      NaN,
      NaN,
      NaN,
      NaN,
      NaN,
      NaN,
      NaN,
      NaN,
      NaN,
      NaN,
      NaN,
      NaN,
      NaN,
      NaN,
      NaN,
      NaN,
      NaN,
      NaN,
      NaN,
      NaN,
      NaN,
      NaN,
      NaN,
      NaN,
      NaN,
      NaN,
      NaN,
      NaN,
      NaN,
      NaN,
      NaN,
      NaN,
      NaN,
      NaN,
      NaN,
      NaN,
      NaN,
      NaN,
      NaN,
      NaN,
      NaN,
      NaN,
      NaN
    ],
    "AMPlify": [
      NaN,
      NaN,
      NaN,
      NaN,
      NaN,
      NaN,
      NaN,
      NaN,
      NaN,
      NaN,
      NaN,
      NaN,
      NaN,
      NaN,
      NaN,
      NaN,
      NaN,
      NaN,
      NaN,
      NaN,
      NaN,
      NaN,
      NaN,
      NaN,
      NaN,
      NaN,
      NaN,
      NaN,
      NaN,
      NaN,
      NaN,
      NaN,
      NaN,
      NaN,
      NaN,
      NaN,
      NaN,
      NaN,
      NaN,
      NaN,
      NaN,
      NaN,
      NaN,
      NaN,
      NaN,
      NaN,
      NaN,
      NaN,
      NaN,
      NaN,
      NaN,
      NaN,
      NaN,
      NaN,
      NaN,
      NaN,
      NaN,
      NaN,
      NaN,
      NaN
    ],
    "LR": [
      0.10325401505307619,
      0.004864472064197313,
      0.23930573464251303,
      0.00894074117320812,
      0.0022723331191001482,
      0.001613952929955526,
      0.0010773858638790702,
      0.0004525190667327,
      0.01618581186086828,
      0.5073426073782362,
      0.01220500794510306,
      0.0006234152430947826,
      0.0025055707708127473,
      0.9508506338293761,
      0.03098771871283363,
      0.5538419718974857,
      0.007230293675728089,
      0.26919414916013606,
      0.09952935309101013,
      0.8958927852102363,
      0.7855671080085304,
      0.016809425008379685,
      0.0584216923071214,
      0.1679902994610087,
      0.0063392705122747636,
      0.03670276355155206,
      0.008504154118306293,
      0.23062192963739406,
      0.32796648361082376,
      0.2471343732943708,
      0.24789470596083626,
      0.6739271824574596,
      0.2134328088377371,
      0.005893904475827805,
      0.004443935220756687,
      0.4704016427623598,
      0.004552800848540219,
      0.2641356719354144,
      0.04963685799250453,
      0.9998650077931027,
      0.9978399232255295,
      0.9845117658355281,
      0.18155743436712288,
      0.947618698374859,
      0.040637077148488486,
      0.02073375208009009,
      0.9998348622079061,
      0.9975648871143814,
      0.9973900221141793,
      0.6317121550324973,
      0.05260061189481503,
      0.8862091281893983,
      0.47821395326107485,
      0.21449413554628602,
      0.1702073847934133,
      0.004532766926215968,
      0.05473950000110156,
      0.7928056917083197,
      0.5011540814624117,
      0.5966199062531062
    ],
    "RF": [
      0.6911111111111111,
      0.7346666666666667,
      0.6802777777777778,
      0.6474444444444444,
      0.6774444444444444,
      0.6529999999999999,
      0.6874444444444444,
      0.6204999999999999,
      0.7766666666666666,
      0.5772222222222222,
      0.6734920634920636,
      0.7611111111111111,
      0.6003333333333333,
      0.7922222222222222,
      0.5194444444444445,
      0.795,
      0.6794444444444445,
      0.71,
      0.7012698412698413,
      0.8341666666666666,
      0.8266666666666667,
      0.6626190476190477,
      0.7843333333333333,
      0.6482142857142857,
      0.5352777777777779,
      0.5608333333333333,
      0.5461111111111111,
      0.7766666666666666,
      0.77,
      0.6955555555555555,
      0.58,
      0.5884444444444443,
      0.6733333333333333,
      0.5836296296296296,
      0.49611111111111106,
      0.5255555555555556,
      0.6855555555555556,
      0.6775,
      0.6486666666666666,
      0.8183333333333334,
      0.7352777777777778,
      0.7186111111111111,
      0.6958333333333333,
      0.5955032679738562,
      0.6367222222222223,
      0.5616666666666665,
      0.806,
      0.6680555555555556,
      0.79,
      0.7361111111111112,
      0.7097222222222223,
      0.5943888888888889,
      0.741111111111111,
      0.6372222222222222,
      0.7061666666666666,
      0.556111111111111,
      0.6139444444444444,
      0.6622222222222223,
      0.6494444444444445,
      0.7311111111111112
    ],
    "SVM": [
      0.8987536215529651,
      0.829848120195562,
      0.8880917161100779,
      0.8274883687313832,
      0.8283761499974152,
      0.8289185741443449,
      0.8297850184239995,
      0.8295049583242114,
      0.8299706416814948,
      0.5061120658098068,
      0.832369678971295,
      0.8300196244837543,
      0.8171408710308643,
      0.7608504242204452,
      0.8353164601775903,
      0.821956309020308,
      0.8299126231456488,
      0.8310728587216502,
      0.9264797161076926,
      0.8299776167456063,
      0.8300421544033298,
      0.8319990984575855,
      0.906507921843687,
      0.8447192326729237,
      0.8267574993660423,
      0.3855269483168967,
      0.8075784649811997,
      0.9208265851350962,
      0.8301051125620453,
      0.8310408733996424,
      0.82652332246116,
      0.829703859874395,
      0.8777156041891304,
      0.8299797175981543,
      0.8288403296346551,
      0.7144969003748622,
      0.8295753306460497,
      0.8315571616767896,
      0.8916480844032866,
      0.8299759768873745,
      0.8299760572976672,
      0.8299764650145744,
      0.8886741185758282,
      0.8299760285033434,
      0.8326073785882703,
      0.8896402935623424,
      0.8299759767126549,
      0.8299793744964596,
      0.8299761344415869,
      0.8279615434247766,
      0.8117774578760836,
      0.8396496400417777,
      0.8453257855224959,
      0.7389325322114979,
      0.7606853003266599,
      0.8348720145947579,
      0.7838836513822454,
      0.8095619581861094,
      0.9024476245027794,
      0.84471989453661
    ],