{
  "n_test": 394,
  "ks": {
    "AMPlify": {
      "1": {
        "EF@k": 1.0154639175257731,
        "Precision@k": 1.0,
        "EF@k_CI95": [
          1.0051020408163265,
          1.0287206266318538
        ]
      },
      "5": {
        "EF@k": 0.8123711340206187,
        "Precision@k": 0.8,
        "EF@k_CI95": [
          0.8123711340206187,
          1.0287206266318538
        ]
      },
      "10": {
        "EF@k": 0.913917525773196,
        "Precision@k": 0.9,
        "EF@k_CI95": [
          0.9115681233933162,
          1.0287206266318538
        ]
      },
      "50": {
        "EF@k": 0.9951546391752577,
        "Precision@k": 0.98,
        "EF@k_CI95": [
          0.9671723504704413,
          1.024775771103896
        ]
      },
      "100": {
        "EF@k": 0.9951546391752577,
        "Precision@k": 0.98,
        "EF@k_CI95": [
          0.9798963730569947,
          1.0184334203655352
        ]
      }
    },
    "JEPA_probe": {
      "1": {
        "EF@k": 1.0154639175257731,
        "Precision@k": 1.0,
        "EF@k_CI95": [
          1.0051020408163265,
          1.0287206266318538
        ]
      },
      "5": {
        "EF@k": 1.0154639175257731,
        "Precision@k": 1.0,
        "EF@k_CI95": [
          1.0051020408163265,
          1.0287206266318538
        ]
      },
      "10": {
        "EF@k": 1.0154639175257731,
        "Precision@k": 1.0,
        "EF@k_CI95": [
          1.0051020408163265,
          1.0287206266318538
        ]
      },
      "50": {
        "EF@k": 0.9545360824742268,
        "Precision@k": 0.94,
        "EF@k_CI95": [
          0.8901471635990716,
          1.0064516023800825
        ]
      },
      "100": {
        "EF@k": 0.985,
        "Precision@k": 0.97,
        "EF@k_CI95": [
          0.9504457943610793,
          1.0076726342710998
        ]
      }
    },
    "LR": {
      "1": {
        "EF@k": 0.0,
        "Precision@k": 0.0,
        "EF@k_CI95": [
          0.0,
          1.0233766233766235
        ]
      },
      "5": {
        "EF@k": 0.8123711340206187,
        "Precision@k": 0.8,
        "EF@k_CI95": [
          0.20625713561261763,
          1.0233766233766235
        ]
      },
      "10": {
        "EF@k": 0.913917525773196,
        "Precision@k": 0.9,
        "EF@k_CI95": [
          0.6187714068378528,
          1.0207253886010361
        ]
      },
      "50": {
        "EF@k": 0.9342268041237114,
        "Precision@k": 0.92,
        "EF@k_CI95": [
          0.8584671691003297,
          0.990051282051282
        ]
      },
      "100": {
        "EF@k": 0.9646907216494846,
        "Precision@k": 0.95,
        "EF@k_CI95": [
          0.9312727272727274,
          0.9975959079283887
        ]
      }
    },
    "RF": {
      "1": {
        "EF@k": 1.0154639175257731,
        "Precision@k": 1.0,
        "EF@k_CI95": [
          1.0051020408163265,
          1.0287206266318538
        ]
      },
      "5": {
        "EF@k": 1.0154639175257731,
        "Precision@k": 1.0,
        "EF@k_CI95": [
          1.0051020408163265,
          1.0287206266318538
        ]
      },
      "10": {
        "EF@k": 1.0154639175257731,
        "Precision@k": 1.0,
        "EF@k_CI95": [
          1.0051020408163265,
          1.0287206266318538
        ]
      },
      "50": {
        "EF@k": 1.0154639175257731,
        "Precision@k": 1.0,
        "EF@k_CI95": [
          1.0051020408163265,
          1.0287206266318538
        ]
      },
      "100": {
        "EF@k": 1.0154639175257731,
        "Precision@k": 1.0,
        "EF@k_CI95": [
          1.0051020408163265,
          1.0287206266318538
        ]
      }
    },
    "SVM": {
      "1": {
        "EF@k": 1.0154639175257731,
        "Precision@k": 1.0,
        "EF@k_CI95": [
          1.0051020408163265,
          1.0287206266318538
        ]
      },
      "5": {
        "EF@k": 1.0154639175257731,
        "Precision@k": 1.0,
        "EF@k_CI95": [
          1.0051020408163265,
          1.0287206266318538
        ]
      },
      "10": {
        "EF@k": 1.0154639175257731,
        "Precision@k": 1.0,
        "EF@k_CI95": [
          1.0051020408163265,
          1.0287206266318538
        ]
      },
      "50": {
        "EF@k": 0.9748453608247423,
        "Precision@k": 0.96,
        "EF@k_CI95": [
          0.9150392591704628,
          1.0207253886010361
        ]
      },
      "100": {
        "EF@k": 0.9748453608247423,
        "Precision@k": 0.96,
        "EF@k_CI95": [
          0.9415064935064935,
          1.0014835462563778
        ]
      }
    },
    "GBM": {
      "1": {
        "EF@k": 1.0154639175257731,
        "Precision@k": 1.0,
        "EF@k_CI95": [
          1.0051020408163265,
          1.0287206266318538
        ]
      },
      "5": {
        "EF@k": 1.0154639175257731,
        "Precision@k": 1.0,
        "EF@k_CI95": [
          1.0051020408163265,
          1.0287206266318538
        ]
      },
      "10": {
        "EF@k": 1.0154639175257731,
        "Precision@k": 1.0,
        "EF@k_CI95": [
          1.0051020408163265,
          1.0287206266318538
        ]
      },
      "50": {
        "EF@k": 1.0154639175257731,
        "Precision@k": 1.0,
        "EF@k_CI95": [
          1.0051020408163265,
          1.0287206266318538
        ]
      },
      "100": {
        "EF@k": 0.9951546391752577,
        "Precision@k": 0.98,
        "EF@k_CI95": [
          0.9555687801135906,
          1.0156305170747422
        ]
      }
    }
  },
  "threshold": 3.0,
  "scorers": [
    "AMPlify",
    "JEPA_probe",
    "LR",
    "RF",
    "SVM",
    "GBM"
  ]
}