{
  "n_generated": 500,
  "validity": 1.0,
  "uniqueness": 0.96,
  "novelty": 0.98,
  "diversity": 0.8720724883514497,
  "amp_score": {
    "ensemble_mean": 0.869098961353302,
    "ensemble_std": 0.12586544454097748,
    "ensemble_fraction_above_0.5": 0.978,
    "per_classifier": {
      "lr": {
        "mean": 0.9029432535171509,
        "std": 0.13440164923667908,
        "fraction_above_0.5": 0.976
      },
      "rf": {
        "mean": 0.8520160913467407,
        "std": 0.13084642589092255,
        "fraction_above_0.5": 0.978
      },
      "gbm": {
        "mean": 0.8879947066307068,
        "std": 0.12061852961778641,
        "fraction_above_0.5": 0.978
      },
      "svm": {
        "mean": 0.8932893872261047,
        "std": 0.14393804967403412,
        "fraction_above_0.5": 0.97
      },
      "jepa": {
        "mean": 0.8269002437591553,
        "std": 0.21158286929130554,
        "fraction_above_0.5": 0.89
      },
      "esm2": {
        "mean": 0.8514499664306641,
        "std": 0.1962365359067917,
        "fraction_above_0.5": 0.916
      }
    },
    "histogram": {
      "counts": [
        0,
        0,
        0,
        4,
        7,
        13,
        28,
        57,
        126,
        265
      ],
      "bin_edges": [
        0.0,
        0.10000000149011612,
        0.20000000298023224,
        0.30000001192092896,
        0.4000000059604645,
        0.5,
        0.6000000238418579,
        0.699999988079071,
        0.800000011920929,
        0.8999999761581421,
        1.0
      ]
    }
  },
  "physicochemical_generated": {
    "mean_length": 10.148,
    "std_length": 5.380901039788782,
    "mean_charge": 1.652400000000003,
    "mean_hydrophobicity": -0.23567573745522044,
    "fraction_charged": 0.24162396531336225,
    "fraction_hydrophobic": 0.39633425305478914
  },
  "physicochemical_training": {
    "mean_length": 20.223808966405244,
    "std_length": 10.571496339394608,
    "mean_charge": 2.6323110538840337,
    "mean_hydrophobicity": -0.28501629253126815,
    "fraction_charged": 0.24437987636885605,
    "fraction_hydrophobic": 0.4101204670509882
  },
  "aa_frequency_generated": {
    "A": 0.0683878596767836,
    "C": 0.05143870713441072,
    "D": 0.01754040204966496,
    "E": 0.023255813953488372,
    "F": 0.03921955065037446,
    "G": 0.0780449349625542,
    "H": 0.02798581001182499,
    "I": 0.06444619629483642,
    "K": 0.09972408356326369,
    "L": 0.09243200630666142,
    "M": 0.0035474970437524636,
    "N": 0.04316121403232164,
    "P": 0.03232163973196689,
    "Q": 0.01891998423334647,
    "R": 0.10110366574694521,
    "S": 0.06779661016949153,
    "T": 0.04316121403232164,
    "V": 0.06976744186046512,
    "W": 0.026212061489948757,
    "Y": 0.031533307055577456
  },
  "aa_frequency_training": {
    "A": 0.06576490017672616,
    "C": 0.051499471364958825,
    "D": 0.028031162456879588,
    "E": 0.03043703069170159,
    "F": 0.040919053241651814,
    "G": 0.0683328317088417,
    "H": 0.027155248921507343,
    "I": 0.061721035044258715,
    "K": 0.09186287901588992,
    "L": 0.09508871036201853,
    "M": 0.013943231542148033,
    "N": 0.04015118190447526,
    "P": 0.04381111136835444,
    "Q": 0.02692180060040593,
    "R": 0.09404880420438497,
    "S": 0.05759035028824115,
    "T": 0.043193727378664754,
    "V": 0.05683598422583906,
    "W": 0.03203644108999144,
    "Y": 0.03065504441306076
  },
  "representation_eval": {
    "jepa_encoder": {
      "roc_auc": 0.9238714542350669,
      "accuracy": 0.8101510361784334,
      "mean_positive_score": 0.876990020275116,
      "mean_negative_score": 0.3606966435909271
    },
    "random_encoder": {
      "roc_auc": 0.9176701632206345,
      "accuracy": 0.7783631893220935,
      "mean_positive_score": 0.8756227493286133,
      "mean_negative_score": 0.4019598364830017
    }
  },
  "sample_sequences": [
    "VQRSI",
    "PWITVLILASCRCKGPGADSC",
    "YVGFV",
    "AIAKK",
    "LLFSH",
    "LSLRPREYRS",
    "RVTVF",
    "LGNLLAIARP",
    "AIVKVTVQPVRIRIPGPVPVRRQVP",
    "RITRRIR",
    "EGK",
    "VFRWIR",
    "YKDNIASKKA",
    "ISGSGGTIGFRNFRKGI",
    "VIRVRR",
    "HEIHVESALYIGRCIVLS",
    "KKFKKFFKFKFKKKFKFKKFKK",
    "VTDFSGWLSDFCT",
    "YICRR",
    "QVRPR"
  ]
}