{
  "rmse": 0.6736244534591636,
  "spearman": 0.5063090717622971,
  "n_test": 394,
  "ks": {
    "1": {
      "EF@k": 1.0,
      "Precision@k": 1.0,
      "EF@k_CI95": [
        1.0,
        1.0
      ]
    },
    "5": {
      "EF@k": 1.0,
      "Precision@k": 1.0,
      "EF@k_CI95": [
        1.0,
        1.0
      ]
    },
    "10": {
      "EF@k": 1.0,
      "Precision@k": 1.0,
      "EF@k_CI95": [
        1.0,
        1.0
      ]
    },
    "50": {
      "EF@k": 1.0,
      "Precision@k": 1.0,
      "EF@k_CI95": [
        1.0,
        1.0
      ]
    },
    "100": {
      "EF@k": 1.0,
      "Precision@k": 1.0,
      "EF@k_CI95": [
        1.0,
        1.0
      ]
    }
  },
  "threshold": 3.5
}