{
  "rmse": 0.6736244534591636,
  "spearman": 0.5063090717622971,
  "n_test": 394,
  "ks": {
    "1": {
      "EF@k": 1.0341207349081365,
      "Precision@k": 1.0,
      "EF@k_CI95": [
        1.0180878552971577,
        1.0563002680965148
      ]
    },
    "5": {
      "EF@k": 1.0341207349081365,
      "Precision@k": 1.0,
      "EF@k_CI95": [
        1.0180878552971577,
        1.0563002680965148
      ]
    },
    "10": {
      "EF@k": 1.0341207349081365,
      "Precision@k": 1.0,
      "EF@k_CI95": [
        1.0180878552971577,
        1.0563002680965148
      ]
    },
    "50": {
      "EF@k": 1.0341207349081365,
      "Precision@k": 1.0,
      "EF@k_CI95": [
        1.0180878552971577,
        1.0563002680965148
      ]
    },
    "100": {
      "EF@k": 1.0341207349081365,
      "Precision@k": 1.0,
      "EF@k_CI95": [
        1.0180878552971577,
        1.0563002680965148
      ]
    }
  },
  "threshold": 2.5
}