{
  "JEPA_probe": {
    "roc_auc": 0.2753436426116838,
    "pr_auc": 0.9739841678134897
  },
  "LR": {
    "roc_auc": 0.1971649484536082,
    "pr_auc": 0.9617932265628087
  },
  "RF": {
    "roc_auc": 0.5528350515463918,
    "pr_auc": 0.9906573439589436
  },
  "SVM": {
    "roc_auc": 0.2779209621993127,
    "pr_auc": 0.9775649402983744
  },
  "GBM": {
    "roc_auc": 0.27491408934707906,
    "pr_auc": 0.9799210274568091
  }
}