{"mean": [0.06775878769545832, 0.06768309758367934, 0.03875368740473184, 0.036083441797699, 0.047502793061448445, 0.09159524435849184, 0.01852272751108575, 0.05500878824241061, 0.0730309732559225, 0.08306353589831358, 0.023291565144733357, 0.03753233942731927, 0.06006885966300896, 0.03160598972458414, 0.058443375874789635, 0.061134066378042966, 0.04600660342456131, 0.05665156024002785, 0.018750824638143336, 0.0275117517060116, 1.7773833807502726, -0.10795109259453099, 0.2063114779419663, 0.41209671352444316, 0.5939021612122333], "var": [0.0038637646273986847, 0.007547554791356852, 0.002135653909322125, 0.0021350385267477367, 0.0025310254740516, 0.004262297714127677, 0.0009727296895404501, 0.002864879078105985, 0.004983146638510047, 0.005927779032088679, 0.000935032015521183, 0.001714729607240629, 0.00558074494115457, 0.0016072443609591552, 0.0065293481947590335, 0.0025538674804916075, 0.0021794458237585886, 0.0026088409027075054, 0.0010593383523420658, 0.0013010751231287653, 14.817240543208207, 0.7211110353830608, 0.013736755314661186, 0.022697656650577554, 0.0626691638165749]}