{
  "jepa": {
    "E. coli\u2192S. aureus": {
      "42": {
        "in_domain": {
          "pearson": 0.6216292468793388,
          "spearman": 0.6033479085902564,
          "rmse": 0.6052633965869612,
          "n": 796
        },
        "zero_shot": {
          "pearson": 0.5968468973079307,
          "spearman": 0.4238281272214554,
          "rmse": 0.6569701530880064,
          "n": 722
        }
      },
      "123": {
        "in_domain": {
          "pearson": 0.6236292314529587,
          "spearman": 0.5809981167021997,
          "rmse": 0.642077900749508,
          "n": 765
        },
        "zero_shot": {
          "pearson": 0.5428213477340845,
          "spearman": 0.41049574646603454,
          "rmse": 0.6739687861619341,
          "n": 743
        }
      },
      "7": {
        "in_domain": {
          "pearson": 0.547863631845449,
          "spearman": 0.5031564525082278,
          "rmse": 0.6446435517019422,
          "n": 799
        },
        "zero_shot": {
          "pearson": 0.5189335649016762,
          "spearman": 0.3867907961410656,
          "rmse": 0.7019503207782999,
          "n": 724
        }
      }
    },
    "E. coli\u2192P. aeruginosa": {
      "42": {
        "in_domain": {
          "pearson": 0.6333392095118022,
          "spearman": 0.6162500531246733,
          "rmse": 0.5971106593097044,
          "n": 796
        },
        "zero_shot": {
          "pearson": 0.6412776075540144,
          "spearman": 0.6168576969805221,
          "rmse": 0.5550257495830342,
          "n": 402
        }
      },
      "123": {
        "in_domain": {
          "pearson": 0.6082119217916327,
          "spearman": 0.5667474743174821,
          "rmse": 0.6504833786959352,
          "n": 765
        },
        "zero_shot": {
          "pearson": 0.6124287483633709,
          "spearman": 0.5845217238317271,
          "rmse": 0.6093143903310964,
          "n": 358
        }
      },
      "7": {
        "in_domain": {
          "pearson": 0.5666119336530544,
          "spearman": 0.5185204645042789,
          "rmse": 0.6410663603795554,
          "n": 799
        },
        "zero_shot": {
          "pearson": 0.7168509781204431,
          "spearman": 0.6934592615193913,
          "rmse": 0.5868894813363612,
          "n": 372
        }
      }
    },
    "S. aureus\u2192E. coli": {
      "42": {
        "in_domain": {
          "pearson": 0.6509303506882055,
          "spearman": 0.5660089427052717,
          "rmse": 0.602126901930775,
          "n": 722
        },
        "zero_shot": {
          "pearson": 0.3883218866508634,
          "spearman": 0.359284172472053,
          "rmse": 0.7464395077818926,
          "n": 796
        }
      },
      "123": {
        "in_domain": {
          "pearson": 0.6012597219608199,
          "spearman": 0.5252430083085841,
          "rmse": 0.6203879593137288,
          "n": 743
        },
        "zero_shot": {
          "pearson": 0.3948710176343454,
          "spearman": 0.35643656850762556,
          "rmse": 0.7780741471493723,
          "n": 765
        }
      },
      "7": {
        "in_domain": {
          "pearson": 0.630503740638649,
          "spearman": 0.5608538263096438,
          "rmse": 0.635299140584983,
          "n": 724
        },
        "zero_shot": {
          "pearson": 0.36975336176915236,
          "spearman": 0.353028275767278,
          "rmse": 0.7237812041494579,
          "n": 799
        }
      }
    },
    "S. aureus\u2192P. aeruginosa": {
      "42": {
        "in_domain": {
          "pearson": 0.6387576873045223,
          "spearman": 0.5511453101910148,
          "rmse": 0.6265611477535779,
          "n": 722
        },
        "zero_shot": {
          "pearson": 0.4362626266222289,
          "spearman": 0.40247214125132436,
          "rmse": 0.6603794737328875,
          "n": 402
        }
      },
      "123": {
        "in_domain": {
          "pearson": 0.5804334675423979,
          "spearman": 0.5012517883675428,
          "rmse": 0.6452781002650213,
          "n": 743
        },
        "zero_shot": {
          "pearson": 0.5426227727748583,
          "spearman": 0.4869839023199143,
          "rmse": 0.649083274160999,
          "n": 358
        }
      },
      "7": {
        "in_domain": {
          "pearson": 0.6394737340829677,
          "spearman": 0.5509509520963076,
          "rmse": 0.6288640954650394,
          "n": 724
        },
        "zero_shot": {
          "pearson": 0.4720350630040702,
          "spearman": 0.47866779639289636,
          "rmse": 0.697917157551559,
          "n": 372
        }
      }
    },
    "P. aeruginosa\u2192E. coli": {
      "42": {
        "in_domain": {
          "pearson": 0.6089047087159124,
          "spearman": 0.6139495600843486,
          "rmse": 0.562757007322832,
          "n": 402
        },
        "zero_shot": {
          "pearson": 0.5891869790286746,
          "spearman": 0.5658939533781724,
          "rmse": 0.6341677027874343,
          "n": 796
        }
      },
      "123": {
        "in_domain": {
          "pearson": 0.557473580216694,
          "spearman": 0.5542598221852106,
          "rmse": 0.6243620123128834,
          "n": 358
        },
        "zero_shot": {
          "pearson": 0.5310189725106916,
          "spearman": 0.5212077134121835,
          "rmse": 0.6999860103967055,
          "n": 765
        }
      },
      "7": {
        "in_domain": {
          "pearson": 0.5799272114554521,
          "spearman": 0.6049067486131257,
          "rmse": 0.6437987123964183,
          "n": 372
        },
        "zero_shot": {
          "pearson": 0.48753423170665977,
          "spearman": 0.47454978376102736,
          "rmse": 0.6760909953612483,
          "n": 799
        }
      }
    }
  },
  "esm2": {
    "E. coli\u2192S. aureus": {
      "42": {
        "in_domain": {
          "pearson": 0.559752194412199,
          "spearman": 0.5490358428081885,
          "rmse": 0.6394231709242517,
          "n": 796
        },
        "zero_shot": {
          "pearson": 0.4923720073653056,
          "spearman": 0.34140031088164224,
          "rmse": 0.6995968770011247,
          "n": 722
        }
      },
      "123": {
        "in_domain": {
          "pearson": 0.5001467255620633,
          "spearman": 0.48764992853806055,
          "rmse": 0.7114682128110347,
          "n": 765
        },
        "zero_shot": {
          "pearson": 0.43463228702662204,
          "spearman": 0.31144821175678566,
          "rmse": 0.7116516635692933,
          "n": 743
        }
      },
      "7": {
        "in_domain": {
          "pearson": 0.5387660407156055,
          "spearman": 0.5119106311295578,
          "rmse": 0.6482617914270595,
          "n": 799
        },
        "zero_shot": {
          "pearson": 0.42727035688668313,
          "spearman": 0.3001390953365415,
          "rmse": 0.7470832630515115,
          "n": 724
        }
      }
    },
    "E. coli\u2192P. aeruginosa": {
      "42": {
        "in_domain": {
          "pearson": 0.5601145206958787,
          "spearman": 0.5490712535913191,
          "rmse": 0.6390282171306771,
          "n": 796
        },
        "zero_shot": {
          "pearson": 0.5307087326858039,
          "spearman": 0.4962901295282836,
          "rmse": 0.6204590282633886,
          "n": 402
        }
      },
      "123": {
        "in_domain": {
          "pearson": 0.5029109116484365,
          "spearman": 0.4900949750779612,
          "rmse": 0.7128659618707505,
          "n": 765
        },
        "zero_shot": {
          "pearson": 0.5009794800227633,
          "spearman": 0.4964628538239793,
          "rmse": 0.6538659299915469,
          "n": 358
        }
      },
      "7": {
        "in_domain": {
          "pearson": 0.5240890067600132,
          "spearman": 0.5041956386727686,
          "rmse": 0.6556437987642968,
          "n": 799
        },
        "zero_shot": {
          "pearson": 0.6086312293323011,